1位,,ビーストテイマー,ぷーちゃん♪,1746,5
2位,,アーチャー,Kulo21,1745,5
3位,,ランサー,愛犬サクラ,1742,5
4位,,ランサー,おじろくん,1735,5
5位,,アーチャー,さなっしー,1734,5
6位,,アーチャー,趣味は・・・矢,1732,5
7位,,戦士,じみ〜,1727,5
8位,,獣人,おーいえ,1725,5
9位,,ウルフマン,ｂｏｗ‐ｗｏｗ,1725,5
10位,,ランサー,お〜い恋茶,1722,5
11位,,霊術師,ボイン姉ちゃん,1719,5
12位,,霊術師,カマキリ令嬢,1719,5
13位,,剣士,捨ノ型・生生流転,1718,5
14位,,追放天使,狼輝,1717,5
15位,,ランサー,弓兵頭,1714,5
16位,,ランサー,��AIO��,1714,5
17位,,武道家,ﾙﾙｰｼｭ・ﾗﾝﾍﾟﾙｰｼﾞ,1714,5
18位,,黒魔術師,アーリア。,1713,5
19位,,ランサー,Amstel,1712,5
20位,,シーフ,＋カイト＋,1712,5
21位,,ビショップ,シル星,1712,5
22位,,獣人,UltimateRAD,1708,5
23位,,霊術師,ちんき。,1707,5
24位,,戦士,トラウトサーモン,1707,5
25位,,メイド,ぱいぱいぺちゃ美,1705,5
26位,,ランサー,らっきーよだすけ,1705,5
27位,,アーチャー,ranko_star,1704,5
28位,,ビショップ,☆ショップ☆,1704,5
29位,,アーチャー,つんで･れい,1703,5
30位,,アルケミスト,EquilibrioAlba,1702,5
31位,,霊術師,UnBiR,1701,5
32位,,戦士,チョコピエール,1694,5
33位,,武道家,legel,1692,5
34位,,霊術師,あなたのハートに,1690,5
35位,,剣士,AnotherOrion,1675,5
36位,,メイド,つばきひめ,1655,5
37位,,追放天使,【ポッセ】,1650,5
38位,,ランサー,とろっとろ牛すじ,1648,5
39位,,ウィザード,9rpm,1634,5
40位,,キャプテン,ヘーゼルナッツン,1629,5
41位,,剣士,RAD大好き,1622,5
42位,,黒魔術師,ループド,1613,5
43位,,リトルウィッチ,とり星撃つマン,1608,5
44位,,悪魔,狼獄,1604,5
45位,,闘士,ほむぅ,1600,5
46位,,ランサー,ワユ,1592,5
47位,,アーチャー,Dynast改,1585,5
48位,,ビショップ,ServerDown,1581,5
49位,,剣士,地方都市のﾒﾒﾝﾄﾓﾘ,1575,5
50位,,アーチャー,Caron_RS,1573,5
51位,,シーフ,るてさん。,1571,5
52位,,ランサー,サトノレイナス,1567,5
53位,,ビーストテイマー,フウリン,1565,5
54位,,アーチャー,システィール,1564,5
55位,,獣人,たこち,1555,5
56位,,ネクロマンサー,えんまねこ,1555,5
57位,,獣人,間衣華,1550,5
58位,,霊術師,舞牡丹,1550,5
59位,,ランサー,covid,1549,5
60位,,ウィザード,daRinki,1549,5
61位,,プリンセス,Le・Ciel,1548,5
62位,,武道家,神風の隼,1548,5
63位,,剣士,DTゆうや,1547,5
64位,,アーチャー,CV種田梨沙,1545,5
65位,,シーフ,ヒャム,1543,5
66位,,獣人,ノワール・ブラン,1539,5
67位,,武道家,あとぅむ,1539,5
68位,,戦士,§Alexandrite§,1537,5
69位,,獣人,ｹﾓ蔵,1532,5
70位,,リトルウィッチ,アルミノ,1529,5
71位,,シーフ,CV水瀬いのり,1524,5
72位,,キャプテン,ヒュレイカ．,1522,5
73位,,アーチャー,ねこみみ弐号,1519,5
74位,,闘士,Blatta◇Goki,1515,5
75位,,アーチャー,イリナ。,1511,5
76位,,ランサー,ラッキーやなすけ,1508,5
77位,,アーチャー,城咲ロミオ,1505,5
78位,,黒魔術師,闇卵,1503,5
79位,,アーチャー,貴方の為の欠片,1496,5
80位,,リトルウィッチ,ぶぶ漬け3杯目,1495,5
81位,,武道家,風の歌,1495,5
82位,,獣人,解離,1491,5
83位,,光奏師,DearMyWaker,1489,5
84位,,ビショップ,って、おい！,1489,5
85位,,獣人,EinherjarAlbedo,1488,5
86位,,ウィザード,＋ｼﾞｪﾌﾃｨ＋,1480,5
87位,,獣人,tantan_13,1479,5
88位,,武道家,岡部_誠,1479,5
89位,,プリンセス,岡部誠∵,1478,5
90位,,悪魔,魔法の壁,1476,5
91位,,シーフ,September☆7th,1474,5
92位,,ビショップ,☆志音☆,1474,5
93位,,リトルウィッチ,RelMayer,1473,5
94位,,ランサー,釣られたクマー,1473,0
95位,,アーチャー,ゅぅぁ,1472,5
96位,,アーチャー,peace。,1471,5
97位,,ウィザード,レバナス父ちゃん,1471,5
98位,,獣人,ﾙﾙｰｼｭ＜Ver3＞,1469,5
99位,,戦士,katsuxxx,1468,5
100位,,ビショップ,RAD犬好き,1467,5
101位,,霊術師,watta_gra,1466,5
102位,,霊術師,ﾈｸﾛ。,1465,5
103位,,悪魔,Almagest,1465,5
104位,,ビーストテイマー,みゅうごろう,1462,5
105位,,ランサー,メリデ♪,1461,5
106位,,霊術師,oto．,1460,5
107位,,アーチャー,くりゅ,1459,5
108位,,戦士,カトリ。,1457,5
109位,,ランサー,バジル・ユバ,1456,5
110位,,悪魔,か〜ら,1455,5
111位,,ネクロマンサー,いぼぼ,1455,5
112位,,アルケミスト,ゆゆたそ,1453,5
113位,,獣人,光のボウリング,1453,5
114位,,黒魔術師,£Gazelle,1452,5
115位,,アーチャー,star＠弓,1452,5
116位,,アーチャー,20％Over,1452,5
117位,,武道家,ホブス☆次男,1452,5
118位,,ビショップ,Largus,1451,5
119位,,武道家,さらまんだーγ,1450,5
120位,,霊術師,タメヴィアータ。,1448,5
121位,,武道家,まるゴキ,1445,5
122位,,戦士,DXUキャプテンUSA,1445,5
123位,,シーフ,勃起,1444,5
124位,,プリンセス,未美凛,1443,5
125位,,ランサー,聖園ミカ,1443,5
126位,,シーフ,ぷいきゅあ〜,1443,5
127位,,ランサー,わかまつあいな,1441,5
128位,,アーチャー,りんじょー,1439,5
129位,,武道家,ぺしゅん,1439,5
130位,,追放天使,Xenn,1439,5
131位,,プリンセス,やっくる♪,1438,5
132位,,光奏師,Emiel,1436,5
133位,,武道家,ノアだけはガチ,1436,5
134位,,黒魔術師,valr＿D,1435,5
135位,,黒魔術師,ψ芽亜ψ,1435,5
136位,,霊術師,☆よなぐに☆,1435,5
137位,,ビショップ,ダーグル,1434,5
138位,,ランサー,小豆桔梗,1433,5
139位,,アルケミスト,tantan_01,1432,5
140位,,武道家,暇潰＠引退,1431,5
141位,,戦士,もちゃ王,1431,5
142位,,獣人,J・T・Sサム,1430,5
143位,,闘士,＊stitch＊,1430,5
144位,,霊術師,鬼一家の霊術師,1430,5
145位,,獣人,狛狗,1427,5
146位,,武道家,ココナッツン,1426,5
147位,,アーチャー,ぼのの,1423,5
148位,,追放天使,Gv忘れる戦犯です,1423,5
149位,,黒魔術師,ゆきのみず,1422,5
150位,,獣人,獣☆ホブス,1422,5
151位,,ランサー,藤井聡太,1422,5
152位,,ビーストテイマー,karu_g,1421,5
153位,,武道家,瑞雲改二,1421,5
154位,,戦士,シュガ♪,1421,5
155位,,アーチャー,紙ねろ,1420,5
156位,,アーチャー,微笑のテレサ,1419,5
157位,,黒魔術師,メロメロイド,1418,5
158位,,霊術師,ハープちゃん,1418,5
159位,,アーチャー,アーティ。,1417,5
160位,,ビショップ,クロウ･300グラム,1417,5
161位,,シーフ,めぎぃ,1416,5
162位,,ウルフマン,大動脈瘤,1416,5
163位,,ランサー,お、,1415,5
164位,,ウィザード,残兵首領,1415,5
165位,,シーフ,towaco．,1414,5
166位,,プリンセス,おつまみさん,1412,5
167位,,武道家,はちみつ。,1412,5
168位,,武道家,カピカピのおもち,1412,5
169位,,ビショップ,避妊はおしりで,1412,5
170位,,黒魔術師,黄金のパイン,1411,5
171位,,ウィザード,花日,1411,5
172位,,アルケミスト,Crewd,1410,5
173位,,アルケミスト,きれのじろう,1410,5
174位,,プリンセス,狼妃,1410,5
175位,,ランサー,。ゆーにゃ。,1410,5
176位,,ランサー,Spallow_Tail,1408,5
177位,,黒魔術師,asnon,1407,5
178位,,霊術師,y0_da,1407,5
179位,,獣人,よだびごれいと,1406,5
180位,,武道家,yamada3000,1406,5
181位,,戦士,餅の･∀･凍結,1406,5
182位,,アルケミスト,ピレッソ,1404,5
183位,,霊術師,らいみんと,1404,5
184位,,霊術師,岡部誠_,1404,5
185位,,剣士,真ノ漢（ｵﾄｺ）,1404,5
186位,,追放天使,ごるでん,1404,3
187位,,悪魔,ケセネ,1403,5
188位,,武道家,セっツ,1403,5
189位,,リトルウィッチ,追跡なう,1402,5
190位,,獣人,くりゅりゅぎ,1401,5
191位,,闘士,ロアナプラ,1401,5
192位,,武道家,ice1,1401,5
193位,,戦士,ipsum,1401,5
194位,,戦士,Kireek12,1401,5
195位,,リトルウィッチ,StoPBlTch,1400,5
196位,,武道家,暇つぶ,1400,5
197位,,アーチャー,ice3,1399,5
198位,,アーチャー,ｱｼﾝﾒﾄﾘｰ,1397,5
199位,,アーチャー,〜破幻〜,1397,5
200位,,ランサー,ねむにゃん,1397,5
201位,,獣人,Olga_Flow,1396,5
202位,,プリンセス,ファーナ。,1395,5
203位,,獣人,崖の上のピノ,1394,5
204位,,獣人,ぬりぼう,1393,5
205位,,霊術師,tantan_08,1393,5
206位,,武道家,モリタン♪,1393,5
207位,,剣士,swordko,1393,5
208位,,獣人,１／２０たぬき,1391,5
209位,,アーチャー,ふるりん,1390,5
210位,,アルケミスト,夏休みの破壊工作,1387,5
211位,,マスケッティア,akubo,1387,5
212位,,追放天使,Fumistel,1386,5
213位,,ビショップ,無我夢中♪,1384,5
214位,,ウルフマン,琥炭,1384,5
215位,,黒魔術師,EscapedRabbit,1383,5
216位,,プリンセス,Harmonie,1383,5
217位,,ウィザード,かつおぶしの出汁,1383,5
218位,,剣士,arist＾＾,1383,5
219位,,プリンセス,破滅系女子,1381,5
220位,,ランサー,あるちゅう,1380,5
221位,,ランサー,nebosuke,1380,5
222位,,ウィザード,Bィザード,1379,5
223位,,ウィザード,ベラー,1379,5
224位,,アーチャー,ことちゃん,1378,5
225位,,リトルウィッチ,なよ竹のかぐや姫,1377,5
226位,,追放天使,あじたま,1377,5
227位,,獣人,小さな牡丹,1376,5
228位,,アーチャー,マルガ,1376,5
229位,,武道家,なすです。,1376,5
230位,,戦士,戦士ちゃま,1376,5
231位,,獣人,�塔Vルク��,1375,5
232位,,ランサー,ちょろこ♂,1375,5
233位,,アルケミスト,Code22,1374,5
234位,,霊術師,メラメライド,1373,5
235位,,ウィザード,star＠wiz,1373,5
236位,,黒魔術師,雪野凜檎,1372,5
237位,,剣士,くーで･れい,1371,5
238位,,剣士,ZODIAC6168,1371,5
239位,,獣人,るてん,1369,5
240位,,リトルウィッチ,FarisScherwiz,1368,5
241位,,キャプテン,ほんでなんぼ,1367,5
242位,,獣人,towaco．β,1366,5
243位,,ランサー,あるもんて,1366,5
244位,,ビショップ,大きいねろ,1366,5
245位,,マスケッティア,雨後清水,1364,5
246位,,黒魔術師,GESOU,1364,5
247位,,ウィザード,イフリィート,1364,5
248位,,プリンセス,Lacris,1362,5
249位,,ランサー,アヴァブルック,1362,5
250位,,アーチャー,槍ちん,1361,5
251位,,追放天使,バカ旦那,1361,5
252位,,リトルウィッチ,かなぷる親父号,1360,5
253位,,ビショップ,chinki,1360,5
254位,,ウィザード,§エス§,1360,5
255位,,リトルウィッチ,最強姫あ,1359,5
256位,,プリンセス,ばくちち朱絹,1358,5
257位,,キャプテン,ILLEXECUTION,1357,5
258位,,アルケミスト,じーす,1356,5
259位,,獣人,ﾁｬｺｽ,1356,5
260位,,霊術師,bycm,1356,5
261位,,霊術師,ふーにゃ,1356,5
262位,,ビーストテイマー,笛吹奏,1356,5
263位,,アーチャー,ぴちゃ,1356,5
264位,,追放天使,陸ノ型・電轟雷轟,1356,5
265位,,ビショップ,NewBibiHendl,1356,5
266位,,ウィザード,umadbro,1356,5
267位,,アルケミスト,●●○●○,1355,5
268位,,ウィザード,フィガレット,1355,5
269位,,獣人,ゆゆちゃ,1354,5
270位,,獣人,卵人,1354,5
271位,,悪魔,コトノハンバーグ,1354,5
272位,,獣人,ゼロキス,1353,5
273位,,霊術師,ロッソ・ネロ,1352,5
274位,,悪魔,チョコロビン,1352,5
275位,,霊術師,○○○○●,1351,5
276位,,プリンセス,あたなしあ,1351,5
277位,,ネクロマンサー,濁湯馬鈴薯,1350,5
278位,,ランサー,花音♪♪,1347,5
279位,,ウィザード,青々あお,1347,5
280位,,シーフ,＊hayato＊,1346,5
281位,,ビショップ,（＝ω＝安,1346,5
282位,,リトルウィッチ,セーラーシリウス,1341,5
283位,,ビーストテイマー,オバリシ,1341,5
284位,,黒魔術師,ハンバーグ刑事,1339,5
285位,,アーチャー,えいしぐ,1339,5
286位,,剣士,DragonTwi☆ミ,1339,5
287位,,アーチャー,シルスフィ,1338,5
288位,,シーフ,すた３,1338,5
289位,,プリンセス,九条院伊織,1337,5
290位,,シーフ,だいこくてん,1337,5
291位,,ビショップ,ｲﾝﾀｰﾈｯﾄ撲殺ﾏﾝ,1337,3
292位,,霊術師,梨々華,1335,5
293位,,獣人,あめのちあめちゃ,1334,5
294位,,アーチャー,甘栗うっまW,1334,5
295位,,武道家,ジャッパー,1334,5
296位,,武道家,ｱﾝﾄﾞﾚｻﾞｼﾞｬｲｱﾝﾄ,1332,5
297位,,ランサー,べろちゅっちゅ,1330,5
298位,,光奏師,爾乃美家累,1328,5
299位,,ランサー,D･Cherish,1328,5
300位,,メイド,йメイй,1326,5
301位,,ビショップ,おさんさん,1326,5
302位,,ランサー,錦木千束,1325,5
303位,,戦士,ローザパークス,1325,5
304位,,黒魔術師,【EGOIST】,1321,5
305位,,獣人,ナオタ！！！！！,1320,5
306位,,アーチャー,Feeorin,1319,5
307位,,サマナー,はなおとめ,1313,5
308位,,キャプテン,ドルフィン刑事,1312,5
309位,,アーチャー,まりてょ,1312,5
310位,,剣士,５�_,1311,5
311位,,霊術師,ちんき２,1310,5
312位,,剣士,風小僧,1310,5
313位,,プリンセス,君へ贈る空の花,1309,5
314位,,アーチャー,みころっく,1309,5
315位,,ビショップ,ふぁ〜ん,1309,5
316位,,ビショップ,神威くん☆,1309,5
317位,,剣士,☆シグマワイ,1309,5
318位,,ビーストテイマー,∬ルシフェリア∬,1308,5
319位,,追放天使,おいえ天使,1308,5
320位,,ウィザード,MBMM１２,1308,5
321位,,戦士,ポロさん,1308,5
322位,,追放天使,つばまるз,1307,5
323位,,獣人,かにｖ。。ｖ,1306,5
324位,,リトルウィッチ,かーら∂,1306,5
325位,,武道家,皿の上のピノ,1306,5
326位,,悪魔,あずも,1305,5
327位,,プリンセス,ちゃぷりこん,1305,5
328位,,プリンセス,まりぷー,1304,5
329位,,ランサー,ARGO,1304,5
330位,,ランサー,sheraha2,1303,5
331位,,ウィザード,Tiar,1303,5
332位,,黒魔術師,ひらぺん,1302,5
333位,,獣人,・oturu,1302,5
334位,,霊術師,彩刃。,1302,5
335位,,ビショップ,真ﾉ天使（ｵﾄｺ）,1302,5
336位,,プリンセス,くりゅう,1301,5
337位,,ウィザード,業者,1301,5
338位,,アーチャー,ふらるん,1300,5
339位,,ビショップ,コルして下さい！,1300,5
340位,,戦士,Velvet_Touch,1300,5
341位,,アルケミスト,君のﾊｰﾄにｽﾞｷｭﾝ,1299,5
342位,,ウィザード,ｖウィザード,1299,5
343位,,戦士,Destron,1299,5
344位,,戦士,マイシャローナ,1298,5
345位,,サマナー,ﾋｯｷ-,1297,5
346位,,アーチャー,☆ししばな☆,1297,5
347位,,プリンセス,不安�g,1296,5
348位,,ランサー,虹色ポニータ,1296,5
349位,,ランサー,しゃんこしゃん,1296,5
350位,,リトルウィッチ,大咲大尉,1295,5
351位,,ウルフマン,黒豆くん,1295,5
352位,,ウィザード,ロッキ一山脈,1295,5
353位,,剣士,カナト,1295,5
354位,,サマナー,NEOぷーちゃん,1294,5
355位,,ランサー,ふっきちゃん,1294,5
356位,,剣士,ロビンフッド☆,1294,5
357位,,ウィザード,えぼせぶん,1293,5
358位,,剣士,ﾄﾞﾔ顔の達人。,1293,5
359位,,プリンセス,あいすmonaka,1292,5
360位,,プリンセス,伊吹姫奈,1291,5
361位,,ランサー,chanpe,1291,5
362位,,リトルウィッチ,はがき,1290,5
363位,,アーチャー,☆コカコーラ☆,1290,5
364位,,武道家,佐野万次郎,1290,5
365位,,追放天使,じぇにどん,1290,5
366位,,キャプテン,Ripley_Vance,1288,5
367位,,アーチャー,λキャンディーλ,1288,5
368位,,アーチャー,ｼﾞｪﾌﾃｨ,1288,5
369位,,霊術師,†Shuse†,1287,5
370位,,ランサー,洋食焼き,1287,5
371位,,ビショップ,ﾀｲｶﾞｰﾒﾛﾝ,1287,5
372位,,獣人,LEGAL_HIGH,1286,5
373位,,ランサー,ろにうす,1286,5
374位,,黒魔術師,おとぎ国の牡丹,1285,5
375位,,黒魔術師,Narmaya,1285,5
376位,,黒魔術師,なーりー,1284,5
377位,,黒魔術師,鬼一家の黒魔,1284,5
378位,,アーチャー,Martingale1,1284,5
379位,,リトルウィッチ,イチゴ大福姫,1283,5
380位,,ランサー,gurai,1283,5
381位,,光奏師,Nigelle,1282,5
382位,,シーフ,ラカリフサの村長,1282,5
383位,,プリンセス,Artesano,1281,5
384位,,ビショップ,行秋,1281,5
385位,,ネクロマンサー,アスモデナイス,1280,5
386位,,プリンセス,Xx鬼針おどろxX,1280,5
387位,,武道家,ぴかぶー,1280,5
388位,,黒魔術師,いぼのじろう,1279,5
389位,,シーフ,隠れ里,1279,5
390位,,ランサー,とっぽぎの踊り子,1278,5
391位,,追放天使,ﾖｳﾂﾍﾞﾌﾟﾚﾐｱﾑ会員,1278,5
392位,,ウィザード,Manstyle,1278,5
393位,,アルケミスト,illest,1277,5
394位,,霊術師,‐MIYU‐,1277,5
395位,,アーチャー,里乃,1277,5
396位,,追放天使,2時間1分19秒,1277,5
397位,,ウィザード,べりゅくかっちぇ,1276,5
398位,,黒魔術師,狼妖,1275,5
399位,,獣人,狼煌,1275,5
400位,,アーチャー,アバハラキ,1275,5
401位,,ランサー,ψﾍﾞﾙﾆｶψ,1275,5
402位,,シーフ,shinki3,1275,5
403位,,剣士,shiroro_chan,1275,5
404位,,黒魔術師,Rel2,1274,5
405位,,霊術師,がびさん。,1274,5
406位,,リトルウィッチ,EternalWitch,1274,5
407位,,黒魔術師,伊勢灯里,1273,5
408位,,闘士,�[秋桜�[,1273,5
409位,,ビーストテイマー,†リーザ†,1273,5
410位,,ランサー,望みし永遠の混沌,1273,5
411位,,ウィザード,TAKUGON,1273,5
412位,,黒魔術師,アマランテ,1272,5
413位,,獣人,二代目おいえ,1272,5
414位,,アーチャー,Ｃｏｒｓｉｃａ,1272,5
415位,,アーチャー,疾風＆迅雷,1272,5
416位,,ビショップ,はにぼう,1272,5
417位,,ウィザード,創造神皇ダニエル,1272,5
418位,,獣人,『EGOIST』,1271,5
419位,,リトルウィッチ,pomm,1271,5
420位,,サマナー,わらぶき,1271,5
421位,,アーチャー,のびた。,1271,5
422位,,ランサー,ブランの槍士,1271,5
423位,,追放天使,ヘヴンリイージス,1271,5
424位,,ウルフマン,なんただワン,1271,5
425位,,戦士,くびら,1271,5
426位,,戦士,稟賦,1271,5
427位,,アルケミスト,ﾁｮｺっとﾊﾁﾐﾂ,1270,5
428位,,獣人,けも輝夜,1270,5
429位,,ビーストテイマー,リヤン,1270,5
430位,,アーチャー,てんち♪,1270,5
431位,,アーチャー,※Ading※,1270,5
432位,,武道家,sunafu,1270,5
433位,,追放天使,趣味は・・・棍棒,1270,5
434位,,追放天使,べやまあ,1270,5
435位,,ウィザード,BlackMagic��,1270,5
436位,,黒魔術師,kuromasan！,1269,5
437位,,獣人,PeaceSign。,1269,5
438位,,獣人,ふるーりん,1269,5
439位,,悪魔,●●●●●○,1269,5
440位,,リトルウィッチ,花咲乙女達の影に,1269,5
441位,,プリンセス,GalaxyRad,1269,5
442位,,サマナー,ULTぷーちゃん,1269,5
443位,,武道家,軍隊長,1269,5
444位,,アルケミスト,aruklemisut,1268,5
445位,,獣人,冴ゆら,1268,5
446位,,光奏師,一色菫,1268,5
447位,,アーチャー,ムロモン,1268,5
448位,,ランサー,ちとせねこ〃,1268,5
449位,,ランサー,yuiF,1268,5
450位,,ランサー,青なな,1268,5
451位,,武道家,☆Larcenciel☆,1268,5
452位,,武道家,Carillion,1268,5
453位,,ウィザード,rinjo,1268,5
454位,,黒魔術師,せぷてんばー,1267,5
455位,,黒魔術師,闇堕ち,1267,5
456位,,黒魔術師,FrouFrou,1267,5
457位,,獣人,山佐の獣撃,1267,5
458位,,光奏師,RedSpiderLily,1267,5
459位,,悪魔,執事monaka,1267,5
460位,,アーチャー,一ノ瀬家のねこ,1267,5
461位,,アーチャー,幽鬼うさぎ,1267,5
462位,,ランサー,３１７７３,1267,5
463位,,ランサー,ほむらん,1267,5
464位,,シーフ,わべ丸,1267,5
465位,,ビショップ,Rasputin,1267,5
466位,,ウィザード,しゃいん･れい,1267,5
467位,,獣人,yamada1234,1266,5
468位,,霊術師,狼闘,1266,5
469位,,霊術師,芋がいい,1266,5
470位,,リトルウィッチ,ice22,1266,5
471位,,リトルウィッチ,壱与ちゃん,1266,5
472位,,プリンセス,まるごと果実,1266,5
473位,,ランサー,ＪＩＭＭＹ,1266,5
474位,,追放天使,クルｰクルｰ,1266,5
475位,,キャプテン,伊勢ななみ,1265,5
476位,,アルケミスト,アミケミスト,1265,5
477位,,リトルウィッチ,ゆるゆりさん,1265,5
478位,,ランサー,サライ´,1265,5
479位,,ランサー,とろっとろとろろ,1265,5
480位,,武道家,マンナンライフ３,1265,5
481位,,ビショップ,殴って候,1265,5
482位,,黒魔術師,怜蘭,1264,5
483位,,黒魔術師,diid,1264,5
484位,,悪魔,おっぱい係,1264,5
485位,,ランサー,Misteltein,1264,5
486位,,武道家,イカ神,1264,5
487位,,ビショップ,アタックチャンス,1264,5
488位,,ビショップ,みそばたー,1264,5
489位,,獣人,卍gotcha卍,1263,5
490位,,リトルウィッチ,プリンブリン,1263,5
491位,,ランサー,ななえる,1263,5
492位,,ランサー,ネオン♪゛,1263,5
493位,,武道家,star＠thief,1263,5
494位,,黒魔術師,exiatence4,1262,5
495位,,霊術師,Erza・Scarlett,1262,5
496位,,ネクロマンサー,問屋団地入口,1262,5
497位,,アーチャー,☆でしゃん☆,1262,5
498位,,アーチャー,†Y4Z4K1†ATSU†,1262,5
499位,,ランサー,アルクェイドＢ,1262,5
500位,,ウルフマン,ﾓｼﾞｬﾓｼﾞｬおじさん,1262,5
501位,,獣人,イースラ,1261,5
502位,,ネクロマンサー,Bくま,1261,5
503位,,プリンセス,綾乃。,1261,5
504位,,サマナー,ぷーちゃんにごう,1261,5
505位,,ランサー,伊勢七海,1261,5
506位,,シーフ,攻めがわ,1261,5
507位,,シーフ,旗振りたぬき,1261,5
508位,,ウィザード,煉獄の修羅,1261,5
509位,,剣士,レイパパレ,1261,5
510位,,剣士,チャチャマル,1261,5
511位,,闘士,アンヘル＿,1260,5
512位,,リトルウィッチ,アタナシア。,1260,5
513位,,アーチャー,どらいす,1260,5
514位,,アーチャー,Lanval,1260,5
515位,,ランサー,はぴまる,1260,5
516位,,ランサー,110円,1260,5
517位,,ランサー,ずいやり,1260,5
518位,,ランサー,乃彩姫,1260,5
519位,,武道家,比企谷はちまん,1260,5
520位,,ビショップ,エルゴプラクシー,1260,5
521位,,キャプテン,赤松楓,1259,5
522位,,黒魔術師,トケンカ_柘榴,1259,5
523位,,黒魔術師,準備運動で骨折,1259,5
524位,,獣人,PiPiPuRi,1259,5
525位,,獣人,恋茶まん,1259,5
526位,,リトルウィッチ,セ・ネドラ,1259,5
527位,,リトルウィッチ,ちょびん☆,1259,5
528位,,ランサー,ﾗﾐｰﾉｰｽﾞﾃﾄﾗ,1259,5
529位,,ランサー,くまもん♪,1259,5
530位,,ランサー,眠神☆ヒュノプス,1259,5
531位,,ウィザード,♪復活レオン555,1259,5
532位,,黒魔術師,クロマグロ丼,1258,5
533位,,黒魔術師,SonChaeYoung,1258,5
534位,,メイド,あざといたぬき,1258,5
535位,,獣人,カマキり令嬢,1258,5
536位,,獣人,双獣,1258,5
537位,,リトルウィッチ,アプリコッテ,1258,5
538位,,プリンセス,カバンロビン３,1258,5
539位,,アーチャー,harokun,1258,5
540位,,アーチャー,£impulse£,1258,5
541位,,ウィザード,teemo,1258,5
542位,,剣士,monaka先生,1258,5
543位,,霊術師,さくらよう,1257,5
544位,,アーチャー,ろすらび大脱走,1257,5
545位,,アーチャー,アンデルス,1257,5
546位,,武道家,☆ＳＨＩＨＵ☆,1257,5
547位,,武道家,スナクラゲ４,1257,5
548位,,武道家,ジェシ‐おいたん,1257,5
549位,,キャプテン,ずいかり,1256,5
550位,,アルケミスト,嗚呼、焦ガレ憧レ,1256,5
551位,,アルケミスト,AshMoat_Chewing,1256,5
552位,,獣人,とと船長♪,1256,5
553位,,ネクロマンサー,はむはむ大魔神,1256,5
554位,,プリンセス,らいみん,1256,5
555位,,プリンセス,いろどりぴんく,1256,5
556位,,アーチャー,花鳥くん,1256,5
557位,,アーチャー,そんてふ,1256,5
558位,,アーチャー,Paxlovid,1256,5
559位,,ランサー,ひできよ,1256,5
560位,,ランサー,布団がふっとんだ,1256,5
561位,,ランサー,☆エミリア♪,1256,5
562位,,追放天使,☆彡スペランカー,1256,5
563位,,戦士,魔じぇ,1256,5
564位,,剣士,ｷｰｽ･ｶｲ,1256,5
565位,,黒魔術師,えむはげK,1255,5
566位,,メイド,メイドくるりん,1255,5
567位,,獣人,Gazelle_tim,1255,5
568位,,悪魔,クロコノスケ,1255,5
569位,,悪魔,NoLn,1255,5
570位,,悪魔,ooしるびーoo,1255,5
571位,,リトルウィッチ,変身ロボ,1255,5
572位,,プリンセス,びーな,1255,5
573位,,サマナー,凛兎,1255,5
574位,,アーチャー,パーニャ,1255,5
575位,,アーチャー,あびたろ,1255,5
576位,,戦士,へぃ、お待ち！,1255,5
577位,,戦士,龍漸,1255,5
578位,,剣士,§yosshie§,1255,5
579位,,剣士,アンデス神,1255,5
580位,,剣士,脳筋剣士,1255,5
581位,,キャプテン,ねこみみ操舵長,1254,5
582位,,アルケミスト,プラクシー,1254,5
583位,,メイド,マッドストーム,1254,5
584位,,メイド,てへ☆ぺろ,1254,5
585位,,光奏師,Qruppo,1254,5
586位,,光奏師,かぼまろ,1254,5
587位,,悪魔,DohnaDohna,1254,5
588位,,ネクロマンサー,haro_A,1254,5
589位,,リトルウィッチ,サクちゃん,1254,5
590位,,リトルウィッチ,新田美波,1254,5
591位,,リトルウィッチ,魔凜,1254,5
592位,,プリンセス,乳係,1254,5
593位,,サマナー,☆マルアカ☆,1254,5
594位,,アーチャー,ooよーだoo,1254,5
595位,,アーチャー,ボウリング�U,1254,5
596位,,ランサー,断然犬派,1254,5
597位,,ランサー,キャンドルスピン,1254,5
598位,,追放天使,BUS。,1254,5
599位,,戦士,こるじょん,1254,5
600位,,剣士,くろしば,1254,5
601位,,剣士,MurderMan,1254,5
602位,,剣士,かぼぞー,1254,5
603位,,リトルウィッチ,クロカ,1254,3
604位,,キャプテン,魔界スイーツ,1253,5
605位,,アルケミスト,るーけみ,1253,5
606位,,マスケッティア,誠鏡,1253,5
607位,,黒魔術師,セフィナ。,1253,5
608位,,獣人,しゃぶれ,1253,5
609位,,獣人,みゅうたろす,1253,5
610位,,獣人,役満チャンス,1253,5
611位,,獣人,フラップ＠,1253,5
612位,,獣人,捨てキング,1253,5
613位,,光奏師,僕は独り,1253,5
614位,,闘士,Uchronia,1253,5
615位,,霊術師,しるちゃん,1253,5
616位,,霊術師,Pistache,1253,5
617位,,霊術師,ﾎﾟｶﾎﾝﾀｽ,1253,5
618位,,リトルウィッチ,Liaison,1253,5
619位,,リトルウィッチ,いりたまこ,1253,5
620位,,プリンセス,みゅうきー,1253,5
621位,,プリンセス,蛍猫姫♪,1253,5
622位,,プリンセス,鬼一家の姫,1253,5
623位,,アーチャー,Ansible,1253,5
624位,,アーチャー,raku1,1253,5
625位,,ランサー,氷雨舞姫,1253,5
626位,,ランサー,趣味は・・・槍,1253,5
627位,,ランサー,_Anatu_,1253,5
628位,,ランサー,☆ありすたん♪,1253,5
629位,,ランサー,Tummy,1253,5
630位,,ウルフマン,ふろーる犬,1253,5
631位,,リトルウィッチ,ICouldDieForYou,1253,3
632位,,キャプテン,Rauha,1252,5
633位,,黒魔術師,リュミルア,1252,5
634位,,黒魔術師,三船美優,1252,5
635位,,獣人,無敵のマイキー,1252,5
636位,,光奏師,キリン丸,1252,5
637位,,光奏師,monaちゃん,1252,5
638位,,光奏師,間衣華�U,1252,5
639位,,悪魔,Xx晴れのち焦げxX,1252,5
640位,,悪魔,11000円,1252,5
641位,,悪魔,よなくま,1252,5
642位,,リトルウィッチ,ゆにゃ,1252,5
643位,,リトルウィッチ,餃子姫,1252,5
644位,,リトルウィッチ,みけぼん,1252,5
645位,,プリンセス,もなか姫,1252,5
646位,,プリンセス,Meditation,1252,5
647位,,サマナー,xxx純炎xxx,1252,5
648位,,サマナー,シルドレ,1252,5
649位,,サマナー,MariaDB,1252,5
650位,,ビーストテイマー,waspinator,1252,5
651位,,アーチャー,RE¢N,1252,5
652位,,アーチャー,お天気☆Maker,1252,5
653位,,アーチャー,おちんまる,1252,5
654位,,アーチャー,三村かな子,1252,5
655位,,アーチャー,日焼け止め,1252,5
656位,,アーチャー,Θ雪羽Θ,1252,5
657位,,ランサー,高垣楓,1252,5
658位,,ランサー,soryurt,1252,5
659位,,ランサー,☆Syuna☆,1252,5
660位,,武道家,スリーライオンズ,1252,5
661位,,シーフ,Yuay,1252,5
662位,,追放天使,鏡ﾉ世界ﾆﾊ私ｼｶｲﾅｲ,1252,5
663位,,追放天使,しるばらさん,1252,5
664位,,ウィザード,ジェルア,1252,5
665位,,ウィザード,【カリブカフェ】,1252,5
666位,,戦士,☆桜咲♪♪,1252,5
667位,,剣士,Helltaker,1252,5
668位,,キャプテン,天＿船,1251,5
669位,,キャプテン,とろっとろゆで卵,1251,5
670位,,キャプテン,おだまLee男爵,1251,5
671位,,アルケミスト,もちもちべーこん,1251,5
672位,,アルケミスト,狼錬,1251,5
673位,,アルケミスト,ふへへ,1251,5
674位,,黒魔術師,えりーとにーと,1251,5
675位,,黒魔術師,UnrealColor,1251,5
676位,,黒魔術師,（・ｘ・ミ）ノシ,1251,5
677位,,獣人,TeeRitter,1251,5
678位,,獣人,卍☆黎星刻☆卍,1251,5
679位,,獣人,るしぇ。,1251,5
680位,,獣人,uwiclo,1251,5
681位,,獣人,えむはげＪ,1251,5
682位,,獣人,1本ピーマン,1251,5
683位,,光奏師,レガシーワールド,1251,5
684位,,光奏師,Aioraito,1251,5
685位,,光奏師,釣られクマー,1251,5
686位,,霊術師,フィエールマン,1251,5
687位,,霊術師,Gazelle_yui,1251,5
688位,,ネクロマンサー,ﾋﾟｰｽ☆,1251,5
689位,,リトルウィッチ,スズカマンボ,1251,5
690位,,プリンセス,ろすらび令嬢,1251,5
691位,,プリンセス,もふったー,1251,5
692位,,プリンセス,バルビナ。,1251,5
693位,,サマナー,笛吹ホブス☆,1251,5
694位,,サマナー,nerumo,1251,5
695位,,ビーストテイマー,悪徳令嬢,1251,5
696位,,ビーストテイマー,狼仁,1251,5
697位,,アーチャー,yamada2000_天龍,1251,5
698位,,アーチャー,不生不滅,1251,5
699位,,アーチャー,まんぢゅ,1251,5
700位,,アーチャー,ちゃんこん,1251,5
701位,,アーチャー,天魚,1251,5
702位,,アーチャー,ぴぴちゃ,1251,5
703位,,ランサー,リュックべちゃ男,1251,5
704位,,ランサー,watta_alt,1251,5
705位,,ランサー,リィンス,1251,5
706位,,ランサー,ゆるふわ系,1251,5
707位,,武道家,backnumber大好き,1251,5
708位,,武道家,宅見,1251,5
709位,,武道家,piepierre,1251,5
710位,,武道家,カエルくん。,1251,5
711位,,シーフ,覇解鷲,1251,5
712位,,追放天使,恋茶まる,1251,5
713位,,追放天使,おぶさん。,1251,5
714位,,ウルフマン,pierre,1251,5
715位,,ウィザード,ｓｓｌｒ,1251,5
716位,,ウィザード,豆腐メンタル,1251,5
717位,,ウィザード,frieden,1251,5
718位,,ウィザード,tantan_39,1251,5
719位,,ウィザード,ImNayeon,1251,5
720位,,ウィザード,akimasaだよ。,1251,5
721位,,剣士,covid4,1251,5
722位,,キャプテン,Sedoux,1250,5
723位,,アルケミスト,まるごとレンチン,1250,5
724位,,アルケミスト,ブラックのジョー,1250,5
725位,,アルケミスト,stellar_stellar,1250,5
726位,,黒魔術師,みぃどりん,1250,5
727位,,黒魔術師,おとちゃん,1250,5
728位,,黒魔術師,しるちゃそ,1250,5
729位,,黒魔術師,（・ー・３３,1250,5
730位,,黒魔術師,（・ｘ・ミ）ノ,1250,5
731位,,黒魔術師,小さいねろ,1250,5
732位,,黒魔術師,しろまろ,1250,5
733位,,黒魔術師,あの日見た夕日,1250,5
734位,,黒魔術師,†ロビン,1250,5
735位,,黒魔術師,雪羽2号,1250,5
736位,,黒魔術師,釣られないクマー,1250,5
737位,,メイド,marinin,1250,5
738位,,獣人,獣人ぷにき,1250,5
739位,,獣人,りなっくま,1250,5
740位,,獣人,towaco．≫,1250,5
741位,,獣人,ｼﾞｪﾌﾃｨの弟,1250,5
742位,,光奏師,『レガリア』,1250,5
743位,,光奏師,四ツ矢丸,1250,5
744位,,闘士,悪い子猫ちゃん,1250,5
745位,,闘士,メイ。,1250,5
746位,,霊術師,アミリア´,1250,5
747位,,霊術師,towaco．γ,1250,5
748位,,悪魔,ソングライン,1250,5
749位,,悪魔,BloodyRad,1250,5
750位,,悪魔,つ〜あ。,1250,5
751位,,悪魔,ダーダン,1250,5
752位,,悪魔,ずいあくま,1250,5
753位,,ネクロマンサー,tantan_09,1250,5
754位,,リトルウィッチ,ぷ〜姫♪,1250,5
755位,,リトルウィッチ,とろっとろちーず,1250,5
756位,,リトルウィッチ,レースのカーテン,1250,5
757位,,リトルウィッチ,ｱﾏｿﾞﾝﾌﾟﾗｲﾑ会員,1250,5
758位,,リトルウィッチ,結乃,1250,5
759位,,リトルウィッチ,ぴよ姑,1250,5
760位,,プリンセス,ﾆﾝｼﾞﾝ。,1250,5
761位,,プリンセス,上下左右回転使い,1250,5
762位,,プリンセス,illigalzip,1250,5
763位,,プリンセス,evian1_5,1250,5
764位,,プリンセス,ぷりめろろ,1250,5
765位,,サマナー,メロディーレーン,1250,5
766位,,サマナー,ERUMA,1250,5
767位,,アーチャー,ぷーちゃま,1250,5
768位,,アーチャー,らいみん。,1250,5
769位,,アーチャー,たこちゃω☆,1250,5
770位,,アーチャー,玖ノ型・水流飛沫,1250,5
771位,,アーチャー,LioVanish,1250,5
772位,,アーチャー,GD‐00,1250,5
773位,,アーチャー,ｱﾝﾃﾞﾙｽ,1250,5
774位,,ランサー,伊勢賢子,1250,5
775位,,ランサー,とろっとろプリン,1250,5
776位,,ランサー,10人ニキ,1250,5
777位,,ランサー,楽天バンガード,1250,5
778位,,武道家,bycmくん,1250,5
779位,,武道家,ハープくん,1250,5
780位,,シーフ,葡萄家ぷーちゃん,1250,5
781位,,シーフ,シャケトラ,1250,5
782位,,シーフ,towaco．ζ,1250,5
783位,,追放天使,迷宮兄弟,1250,5
784位,,追放天使,犬が好きな人,1250,5
785位,,追放天使,淫獣エロドラゴン,1250,5
786位,,追放天使,薊黒漆平文太刀拵,1250,5
787位,,追放天使,ジャイロべっぷ,1250,5
788位,,追放天使,狼聖,1250,5
789位,,追放天使,【ロカビリー】,1250,5
790位,,追放天使,Gaze_angel,1250,5
791位,,追放天使,watta_aid,1250,5
792位,,追放天使,まりあさん,1250,5
793位,,追放天使,Inbe･Panpan･MAL,1250,5
794位,,ビショップ,エムテン,1250,5
795位,,ウィザード,Gazelle_sup,1250,5
796位,,ウィザード,メテおじ,1250,5
797位,,ウィザード,◇pierre◇,1250,5
798位,,ウィザード,†pierre†,1250,5
799位,,剣士,しるおじ,1250,5
800位,,剣士,年中☆茶摘み,1250,5
801位,,剣士,zistance,1250,5
802位,,剣士,star＠warrior,1250,5
803位,,剣士,とろっとろモード,1250,5
804位,,黒魔術師,そっきん,1249,5
805位,,アーチャー,ピィーポ,1249,5
806位,,ランサー,マリイちゃん♪,1248,5
807位,,光奏師,kicky,1247,5
808位,,プリンセス,はなみよう,1247,5
809位,,ランサー,ひつじ先生,1247,5
810位,,武道家,tumura,1247,5
811位,,霊術師,ぷちゅあ,1244,5
812位,,黒魔術師,ふに゜,1243,5
813位,,キャプテン,Genet,1242,5
814位,,ランサー,夕葉（♀）,1242,5
815位,,霊術師,ふる〜りぃ,1241,5
816位,,アーチャー,終バ,1241,5
817位,,ウィザード,靈猫,1241,5
818位,,ランサー,Wind_Missa11Y,1240,5
819位,,武道家,うりゅうううう,1240,5
820位,,リトルウィッチ,もんぽぽ,1239,5
821位,,シーフ,じゅえちゃん,1239,5
822位,,ランサー,ちょめ助,1238,5
823位,,ランサー,nonameさん,1238,5
824位,,戦士,Black01,1238,5
825位,,ランサー,小夜紅葉,1236,5
826位,,リトルウィッチ,お寿司4,1235,5
827位,,ランサー,たなばたよう,1235,5
828位,,剣士,Asley_Cade,1235,5
829位,,アルケミスト,≪Hemlock≫,1234,5
830位,,霊術師,どうもありがとう,1234,5
831位,,悪魔,幻魔狼士,1234,5
832位,,ランサー,ひなせ。,1233,5
833位,,ビショップ,天の使者,1233,5
834位,,シーフ,みゅうぼう,1232,5
835位,,獣人,anipo,1231,5
836位,,ウィザード,�]愛�],1231,5
837位,,アルケミスト,きれじの妹,1230,5
838位,,リトルウィッチ,胡桃めと,1230,5
839位,,シーフ,てけぞー,1230,5
840位,,剣士,rotarisl,1230,5
841位,,剣士,Graaazie,1230,5
842位,,ランサー,影狼ミスト,1229,5
843位,,ウィザード,ひろぽんwiz,1229,5
844位,,獣人,ありすにゃん♪,1228,5
845位,,ウルフマン,シャルダ,1228,5
846位,,リトルウィッチ,めいらく姫,1227,5
847位,,リトルウィッチ,〜ジェス〜,1227,5
848位,,ウィザード,ユベロ,1227,5
849位,,黒魔術師,Alcina,1227,3
850位,,黒魔術師,CandySweet2,1226,5
851位,,黒魔術師,結城希亜,1226,5
852位,,シーフ,スターリング＿,1226,5
853位,,獣人,ﾈｺﾊﾟﾝﾁ昇竜拳,1225,5
854位,,サマナー,富士山天然水,1225,5
855位,,ランサー,つば○,1225,5
856位,,ビショップ,メルチェント,1225,5
857位,,戦士,DayDream♪,1225,5
858位,,ランサー,↑ウラチャ↑,1224,5
859位,,武道家,Laravel,1223,5
860位,,ランサー,十六夜時雨,1222,5
861位,,黒魔術師,meden,1221,5
862位,,獣人,べーやまぁ,1221,5
863位,,アーチャー,ψ園崎魅音ψ,1221,5
864位,,アーチャー,高麗公主,1220,5
865位,,ウルフマン,忠義の狗爪ココ,1220,5
866位,,霊術師,ψ七ちψ,1218,5
867位,,霊術師,bakkyiii,1218,5
868位,,黒魔術師,ラザードゥ,1217,5
869位,,シーフ,瞬影,1216,5
870位,,戦士,アダマンティン,1216,5
871位,,アルケミスト,まるごとメロン,1215,5
872位,,ランサー,ルナ‘,1215,5
873位,,黒魔術師,日影アゲハ,1214,5
874位,,霊術師,いんだら,1213,5
875位,,サマナー,ユーセーナ,1213,5
876位,,ランサー,ERUA,1213,5
877位,,ウィザード,近ちゃん,1213,5
878位,,ネクロマンサー,BlackBoss,1212,5
879位,,プリンセス,テイム委員会,1212,5
880位,,シーフ,ダム坊,1212,4
881位,,キャプテン,エスメラルダス,1211,5
882位,,ランサー,雷蓮,1211,5
883位,,シーフ,�I金龍�I,1211,5
884位,,シーフ,AAR_nz,1211,5
885位,,追放天使,Bてん,1211,5
886位,,黒魔術師,ヴァシリッサ,1210,5
887位,,アーチャー,槍feat．瑠々,1210,5
888位,,ランサー,L・ヨグルティ,1210,5
889位,,ランサー,記録の地平線,1210,5
890位,,追放天使,正面衝突,1210,5
891位,,ビショップ,リヒエル,1210,5
892位,,剣士,けつなあな確定,1210,5
893位,,アルケミスト,月城よた,1209,5
894位,,ランサー,となてぃう,1209,5
895位,,リトルウィッチ,ともぴ〜☆☆,1208,5
896位,,アーチャー,テボ,1208,5
897位,,ランサー,shelias,1208,5
898位,,獣人,ヒカリファイナル,1207,5
899位,,獣人,二代目卍,1207,5
900位,,獣人,ベルベット＝,1206,5
901位,,アーチャー,千草旭,1206,5
902位,,ランサー,ちはるちゃんん,1205,5
903位,,ランサー,BlueGecko,1205,5
904位,,武道家,隻眼盗賊,1205,5
905位,,追放天使,神聖桜,1204,5
906位,,光奏師,Andalusite,1203,5
907位,,アルケミスト,Lamps,1202,5
908位,,黒魔術師,黒rinjo,1202,5
909位,,アーチャー,卵槍,1202,5
910位,,追放天使,イキり大学生,1202,5
911位,,ウィザード,トリプルぷるぷる,1202,5
912位,,ウィザード,汰久,1202,5
913位,,武道家,WELLBE,1201,5
914位,,シーフ,Melttykiss☆,1201,5
915位,,ビショップ,グッロチ,1201,5
916位,,剣士,気楽に殺ろうよ,1201,4
917位,,武道家,ねこぱんつ,1201,3
918位,,黒魔術師,みるきちん,1200,5
919位,,アーチャー,A・シャリアール,1200,5
920位,,アーチャー,魚有,1200,5
921位,,武道家,バイフリッツ,1200,5
922位,,ビショップ,†御殴裏隙打郎†,1200,5
923位,,ウィザード,覇六,1199,5
924位,,獣人,かすたーど☆,1198,5
925位,,ランサー,hidarimigi,1198,5
926位,,剣士,たんぬんぬん,1198,5
927位,,闘士,Heliolite,1196,5
928位,,悪魔,七美♪,1195,5
929位,,リトルウィッチ,アクアマナ,1195,5
930位,,アーチャー,Chiaris,1195,5
931位,,ランサー,Ａ・シャリアール,1195,5
932位,,戦士,Lagercamp,1195,5
933位,,霊術師,☆December☆,1194,5
934位,,アーチャー,∽Eristal∽,1194,5
935位,,獣人,獣ﾅｷﾞﾅｷﾞ,1193,5
936位,,アーチャー,Chase,1193,5
937位,,ウィザード,U・Å・）ﾉｯｼｰ,1193,5
938位,,アルケミスト,ジョウスター,1192,5
939位,,黒魔術師,αカロテン,1192,5
940位,,獣人,獣rinjo,1192,5
941位,,リトルウィッチ,officeglico,1192,5
942位,,アーチャー,天＿弓,1192,5
943位,,ランサー,ボ−ちゃん,1192,5
944位,,シーフ,クル−クル−,1192,5
945位,,獣人,鷸楸,1191,5
946位,,アーチャー,あいこすまるち,1191,5
947位,,ランサー,初老しゃちょー,1191,5
948位,,霊術師,ﾈｵﾝﾃﾄﾗ,1190,5
949位,,悪魔,あまちき。,1190,5
950位,,戦士,ここぷ,1190,5
951位,,ランサー,朱の蒼月,1189,5
952位,,ランサー,††紫電一閃††,1189,5
953位,,シーフ,ﾋﾞｰﾌｽﾄﾛｶﾞﾉﾌ,1189,5
954位,,シーフ,温泉ソムリエ,1189,5
955位,,獣人,銘刀自然薯丸,1188,5
956位,,獣人,ろたり,1187,5
957位,,ランサー,minas,1187,5
958位,,ランサー,ふぇると,1187,5
959位,,シーフ,なるお,1187,5
960位,,ウィザード,Lenard,1187,5
961位,,サマナー,〜可憐〜,1186,5
962位,,アーチャー,☆奇跡の地球☆,1186,5
963位,,シーフ,≪ﾋｯｷ-≫,1186,5
964位,,プリンセス,早見,1185,5
965位,,追放天使,よだおじ,1185,5
966位,,戦士,オソマ,1185,5
967位,,追放天使,カニューレ,1184,5
968位,,戦士,ぶらっくアニキ,1184,5
969位,,戦士,はるたそ,1184,5
970位,,ランサー,ko_san,1183,5
971位,,ウルフマン,＊L∞PERS＊,1183,5
972位,,戦士,羅列,1183,5
973位,,戦士,ぴよくっく,1183,5
974位,,シーフ,nanakusa,1182,5
975位,,キャプテン,レディキャプテン,1181,5
976位,,アーチャー,ｱﾁｬｰﾁｬﾁｬ,1181,5
977位,,ランサー,madokaΩ,1181,5
978位,,ランサー,シャイえんまねこ,1181,5
979位,,武道家,ﾌﾗﾝｼｳﾑ,1181,5
980位,,ランサー,☆Eleanor☆彡,1180,5
981位,,ランサー,Vendome,1180,5
982位,,戦士,電光雷轟,1180,5
983位,,プリンセス,未來♪,1179,5
984位,,武道家,山佐花月,1179,5
985位,,光奏師,みゅうすけ,1178,5
986位,,ランサー,�]凹亞凸�],1178,5
987位,,戦士,ライデンシャフト,1178,5
988位,,剣士,WEDGWOOD,1178,5
989位,,黒魔術師,ウインマリリン,1177,5
990位,,光奏師,My☆Dear,1177,5
991位,,ビーストテイマー,リリ〜ちゃん♪,1176,5
992位,,霊術師,キッコーマソ,1175,5
993位,,サマナー,シロモ,1175,5
994位,,アーチャー,やばすぎけんじ,1175,5
995位,,アーチャー,なおちゃんβ,1175,5
996位,,シーフ,埋火,1175,5
997位,,ランサー,さじゅ〜,1174,5
998位,,ウィザード,武タケル,1174,5
999位,,ウィザード,隻眼の魔術師,1174,5
