,,,,
1,,다누리,1601,5
2,,미카엘2세,1600,5
3,,PICCA,1597,5
4,,산타루치노,1596,5
5,,묵꼼,1596,5
6,,Zuou,1593,5
7,,wlgns123,1591,5
8,,칸율,1589,5
9,,오빠나죽어,1588,5
10,,족가님,1587,5
11,,내도할게,1580,5
12,,소가,1579,5
13,,천년살수,1573,5
14,,버스터리드,1562,5
15,,명량해전,1559,5
16,,인생_콜전용,1558,5
17,,임관,1549,5
18,,앙금술사,1544,5
19,,반짝반짝작은별,1541,5
20,,도망이,1540,5
21,,발베르데,1540,5
22,,무기없는잇터님,1539,5
23,,루시보리,1534,5
24,,HOOT,1532,5
25,,샤또지마,1531,5
26,,헤독,1526,5
27,,버클,1524,5
28,,1____M,1514,5
29,,씽긋,1514,5
30,,사제합니다유,1510,5
31,,오늘은양주,1506,5
32,,금돌,1506,5
33,,vvvvvvvvvvvvv,1504,5
34,,Lo비,1501,5
35,,가행건부,1501,5
36,,별이진다네,1494,5
37,,전언,1492,5
38,,개땅콩,1491,5
39,,선비의멋,1487,5
40,,Trudy,1482,5
41,,감자고구마,1481,5
42,,아려니,1479,5
43,,멘붕견기,1477,5
44,,장은일,1472,5
45,,지식변태,1471,5
46,,Lo또,1470,5
47,,모두의힐러,1467,5
48,,어가,1467,5
49,,위더플럭,1465,5
50,,대구오리온스,1463,5
